/ads/adhs-hochbegabt/index.html /ads/adhs-hochbegabt/index/ 301
/ads/adhs-hochbegabt/pg_0001.htm /ads/adhs-hochbegabt/pg_0001/ 301
/ads/adhs-hochbegabt/pg_index.htm /ads/adhs-hochbegabt/pg_index/ 301
/ads/adhs-hochbegabt/pg_nav.htm /ads/adhs-hochbegabt/pg_nav/ 301
/ads/adhs-lexikon-1/index.htm /ads/adhs-lexikon-1/index/ 301
/ads/adhs-staerken.htm /ads/adhs-staerken/ 301
/ads/ads-erwachsen/adhs-erwachsen1/index.htm /ads/ads-erwachsen/adhs-erwachsen1/index/ 301
/ads/ads-erwachsen/adhs-erwachsen2/index.htm /ads/ads-erwachsen/adhs-erwachsen2/index/ 301
/ads/ads-erwachsen/adhs-erwachsen2/pg_0001.htm /ads/ads-erwachsen/adhs-erwachsen2/pg_0001/ 301
/ads/ads-erwachsen/adhs-erwachsen2/pg_index.htm /ads/ads-erwachsen/adhs-erwachsen2/pg_index/ 301
/ads/ads-erwachsen/adhs-erwachsen2/pg_nav.htm /ads/ads-erwachsen/adhs-erwachsen2/pg_nav/ 301
/ads/ads-erwachsen/adhs-erwachsen3/index.htm /ads/ads-erwachsen/adhs-erwachsen3/index/ 301
/ads/ads-erwachsen/adhs-erwachsen3/pg_0001.htm /ads/ads-erwachsen/adhs-erwachsen3/pg_0001/ 301
/ads/ads-erwachsen/adhs-erwachsen3/pg_index.htm /ads/ads-erwachsen/adhs-erwachsen3/pg_index/ 301
/ads/ads-erwachsen/adhs-erwachsen3/pg_nav.htm /ads/ads-erwachsen/adhs-erwachsen3/pg_nav/ 301
/ads/ads-erwachsen/adhs-erwachsen4/index.htm /ads/ads-erwachsen/adhs-erwachsen4/index/ 301
/ads/ads-erwachsen/adhs-erwachsen4/pg_0001.htm /ads/ads-erwachsen/adhs-erwachsen4/pg_0001/ 301
/ads/ads-erwachsen/adhs-erwachsen4/pg_index.htm /ads/ads-erwachsen/adhs-erwachsen4/pg_index/ 301
/ads/ads-erwachsen/adhs-erwachsen4/pg_nav.htm /ads/ads-erwachsen/adhs-erwachsen4/pg_nav/ 301
/ads/ads-erwachsen/adhs-komorbid/index.htm /ads/ads-erwachsen/adhs-komorbid/index/ 301
/ads/ads-erwachsen/adhs-komorbid/pg_0001.htm /ads/ads-erwachsen/adhs-komorbid/pg_0001/ 301
/ads/ads-erwachsen/adhs-komorbid/pg_index.htm /ads/ads-erwachsen/adhs-komorbid/pg_index/ 301
/ads/ads-erwachsen/adhs-komorbid/pg_nav.htm /ads/ads-erwachsen/adhs-komorbid/pg_nav/ 301
/ads/ads-erwachsen/ads-erwachsen.htm /ads/ads-erwachsen/ads-erwachsen/ 301
/ads/ads-kind/ads__adhs_kinder.htm /ads/ads-kind/ads__adhs_kinder/ 301
/ads/ads-test/adhs_tests.htm /ads/ads-test/adhs_tests/ 301
/ads/ads.html /ads/ads/ 301
/ads/behandlung/behandlung_von_ads__adhs.htm /ads/behandlung/behandlung_von_ads__adhs/ 301
/ads/behandlung/ritalin.htm /ads/behandlung/ritalin/ 301
/ads/behandlung/ritalin1/index.htm /ads/behandlung/ritalin1/index/ 301
/ads/behandlung/ritalin1/pg_0001.htm /ads/behandlung/ritalin1/pg_0001/ 301
/ads/behandlung/ritalin1/pg_index.htm /ads/behandlung/ritalin1/pg_index/ 301
/ads/behandlung/ritalin1/pg_nav.htm /ads/behandlung/ritalin1/pg_nav/ 301
/ads/ich_adhs.htm /ads/ich_adhs/ 301
/ads/symptome.htm /ads/symptome/ 301
/ads/video_wahl.htm /ads/video_wahl/ 301
/alkohol/alkohol.html /alkohol/alkohol/ 301
/alkohol/alkoholismus.html /alkohol/alkoholismus/ 301
/alkohol/geschichte.htm /alkohol/geschichte/ 301
/alkohol/geschichte1.htm /alkohol/geschichte1/ 301
/alkohol/geschichte2.htm /alkohol/geschichte2/ 301
/alkohol/rueckfall.htm /alkohol/rueckfall/ 301
/angststoerung/angst_test.htm /angststoerung/angst_test/ 301
/angststoerung/angststoerungen.htm /angststoerung/angststoerungen/ 301
/b2a.html /b2a/ 301
/beziehung/beziehung.htm /beziehung/beziehung/ 301
/beziehung/beziehung1/beziehung1.htm /beziehung/beziehung1/beziehung1/ 301
/beziehung/beziehung1/kommu.htm /beziehung/beziehung1/kommu/ 301
/beziehung/beziehung2/beziehung2.htm /beziehung/beziehung2/beziehung2/ 301
/beziehung/grunds/grunds.htm /beziehung/grunds/grunds/ 301
/beziehung/paradoxbez/pardoxum.htm /beziehung/paradoxbez/pardoxum/ 301
/beziehung/ratschl/rat.htm /beziehung/ratschl/rat/ 301
/beziehung/situation1.htm /beziehung/situation1/ 301
/biochemie/biochemie.htm /biochemie/biochemie/ 301
/biochemie/stress-border1a1.htm /biochemie/stress-border1a1/ 301
/biochemie/stress-border2a2.htm /biochemie/stress-border2a2/ 301
/bord/bord1/bord1.html /bord/bord1/bord1/ 301
/bord/bord1/psychodynamisches_modell-borderline.htm /bord/bord1/psychodynamisches_modell-borderline/ 301
/bord/bord2/stoerung_f60_31_borderline.html /bord/bord2/stoerung_f60_31_borderline/ 301
/bord/bord3/bord_stoerung_1.html /bord/bord3/bord_stoerung_1/ 301
/bord/bord4/dmsr.html /bord/bord4/dmsr/ 301
/bord/bord_test/bltest.htm /bord/bord_test/bltest/ 301
/bord/bord_test/einleitung_bps_test.html /bord/bord_test/einleitung_bps_test/ 301
/bord/bord_test/test1.htm /bord/bord_test/test1/ 301
/bord/borderlinespektrum_mit.htm /bord/borderlinespektrum_mit/ 301
/bord/exekutive_funktionen.htm /bord/exekutive_funktionen/ 301
/bord/interview_mit_borderline.htm /bord/interview_mit_borderline/ 301
/bord/missbrauch.htm /bord/missbrauch/ 301
/cgi-data/mailmanager/index.html /cgi-data/mailmanager/index/ 301
/definition/antidepressiva.htm /definition/antidepressiva/ 301
/definition/borderline-valium.htm /definition/borderline-valium/ 301
/definition/definitionen.htm /definition/definitionen/ 301
/definition/definitionen_1.htm /definition/definitionen_1/ 301
/definition/dsm.htm /definition/dsm/ 301
/definition/ecstasy_und_amphetamine.htm /definition/ecstasy_und_amphetamine/ 301
/definition/hallozinogene.htm /definition/hallozinogene/ 301
/definition/icd10.htm /definition/icd10/ 301
/definition/kokain_crack.htm /definition/kokain_crack/ 301
/definition/liebe.htm /definition/liebe/ 301
/definition/liebe1.htm /definition/liebe1/ 301
/definition/opiate.htm /definition/opiate/ 301
/definition/seroquel.htm /definition/seroquel/ 301
/definition/sucht.htm /definition/sucht/ 301
/depression/depression.htm /depression/depression/ 301
/depression/depressiver-server.htm /depression/depressiver-server/ 301
/depression/depri.html /depression/depri/ 301
/depression/ich_depression.htm /depression/ich_depression/ 301
/der_fall_s/der_fall_s.htm /der_fall_s/der_fall_s/ 301
/disso/disso.htm /disso/disso/ 301
/disso/dissoziation.htm /disso/dissoziation/ 301
/ess/entstehung_anorexia/entstehung_anorexie.htm /ess/entstehung_anorexia/entstehung_anorexie/ 301
/ess/ess1/atypisch_bulemia_nervosa.html /ess/ess1/atypisch_bulemia_nervosa/ 301
/ess/ess1/bulemianervosa.html /ess/ess1/bulemianervosa/ 301
/ess/ess2/anorexia_5.html /ess/ess2/anorexia_5/ 301
/ess/ess2/anorexianervosa.html /ess/ess2/anorexianervosa/ 301
/ess/esst1.html /ess/esst1/ 301
/fallbeisp_m_1/fallbeispiel_m.htm /fallbeisp_m_1/fallbeispiel_m/ 301
/fallbeisp_m_1/fallbeispiel_m1.htm /fallbeisp_m_1/fallbeispiel_m1/ 301
/fallbeisp_m_1/fallbeispiel_m2.htm /fallbeisp_m_1/fallbeispiel_m2/ 301
/fallbeisp_m_1/fallbeispiel_m3.htm /fallbeisp_m_1/fallbeispiel_m3/ 301
/forum/index.html /forum/index/ 301
/gehirn/gehirn.htm /gehirn/gehirn/ 301
/gehirn/neuronale_netzwerke.htm /gehirn/neuronale_netzwerke/ 301
/glueck/glueck.htm /glueck/glueck/ 301
/histrio/narz1/narz_f60_4.html /histrio/narz1/narz_f60_4/ 301
/ich/ich_adhs.htm /ich/ich_adhs/ 301
/ich/ich_depression.htm /ich/ich_depression/ 301
/ich/ich_nach_trennung.htm /ich/ich_nach_trennung/ 301
/ich/psychodynamisches_modell-borderline.htm /ich/psychodynamisches_modell-borderline/ 301
/ich/psychodynamisches_modell-dependent.htm /ich/psychodynamisches_modell-dependent/ 301
/ich/psychodynamisches_modell-narzissmus.htm /ich/psychodynamisches_modell-narzissmus/ 301
/ich/psychodynamisches_modell-normal.htm /ich/psychodynamisches_modell-normal/ 301
/impressum/foerderer.htm /impressum/foerderer/ 301
/impressum/impressum.html /impressum/impressum/ 301
/index.html /index/ 301
/kliniken/badbramstedt.htm /kliniken/badbramstedt/ 301
/kliniken/badduerkheim.htm /kliniken/badduerkheim/ 301
/kliniken/bailant.htm /kliniken/bailant/ 301
/kliniken/hohemark.htm /kliniken/hohemark/ 301
/kliniken/kliniken.htm /kliniken/kliniken/ 301
/kliniken/psychiatrische_kliniken.htm /kliniken/psychiatrische_kliniken/ 301
/kliniken/schwedenstein.htm /kliniken/schwedenstein/ 301
/kompstoerung/dependent-bord-bez.htm /kompstoerung/dependent-bord-bez/ 301
/kompstoerung/dependent-narz-bez.htm /kompstoerung/dependent-narz-bez/ 301
/kompstoerung/dependent_selbstfr.htm /kompstoerung/dependent_selbstfr/ 301
/kompstoerung/dependente_stoerung.htm /kompstoerung/dependente_stoerung/ 301
/kompstoerung/dependente_stoerung_1.htm /kompstoerung/dependente_stoerung_1/ 301
/kompstoerung/komplimentaerstoerungen.htm /kompstoerung/komplimentaerstoerungen/ 301
/kompstoerung/tips_betroffene.htm /kompstoerung/tips_betroffene/ 301
/links/links/links.htm /links/links/links/ 301
/medis/zopiclon/zopiclon/index.htm /medis/zopiclon/zopiclon/index/ 301
/missbrauch/missbrauch.htm /missbrauch/missbrauch/ 301
/missbrauch/missbrauch1.htm /missbrauch/missbrauch1/ 301
/narz/narz1.html /narz/narz1/ 301
/narz/narz1/narz_f60_4.html /narz/narz1/narz_f60_4/ 301
/narz/narz2/narzistische_persoenlichkeitsstoer_dmsr.html /narz/narz2/narzistische_persoenlichkeitsstoer_dmsr/ 301
/narz/narz3/narzisstische_perversion.htm /narz/narz3/narzisstische_perversion/ 301
/narz/narzissmus/narz_1.htm /narz/narzissmus/narz_1/ 301
/narz/narzissmus/psychodynamisches_modell-narzissmus.htm /narz/narzissmus/psychodynamisches_modell-narzissmus/ 301
/navigation/2bb.html /navigation/2bb/ 301
/neues.htm /neues/ 301
/persstoerung/persstoerung1.html /persstoerung/persstoerung1/ 301
/persstoerung/spezifische_f60/spez_f60.html /persstoerung/spezifische_f60/spez_f60/ 301
/persstoerung/spezifische_f60/spezifische_f60.html /persstoerung/spezifische_f60/spezifische_f60/ 301
/schlaf/traum.htm /schlaf/traum/ 301
/schlusswort/schlusswort.htm /schlusswort/schlusswort/ 301
/selbsthilfe/adressen-krisenintervention.htm /selbsthilfe/adressen-krisenintervention/ 301
/selbsthilfe/selbsthilfe.htm /selbsthilfe/selbsthilfe/ 301
/selbsthilfe/wochenplan.htm /selbsthilfe/wochenplan/ 301
/sitemap/empty.htm /sitemap/empty/ 301
/sitemap/sitemap.html /sitemap/sitemap/ 301
/sitemap/sitemap_list.html /sitemap/sitemap_list/ 301
/sitemap/sitemap_list_map.htm /sitemap/sitemap_list_map/ 301
/sitemap/sitemap_map.htm /sitemap/sitemap_map/ 301
/spaltung/spaltung.html /spaltung/spaltung/ 301
/spaltung/spaltung/spaltung.htm /spaltung/spaltung/spaltung/ 301
/spaltung/sprungverhalten_borderline.htm /spaltung/sprungverhalten_borderline/ 301
/ssv/ssvv.htm /ssv/ssvv/ 301
/tell/tell_a_friend.htm /tell/tell_a_friend/ 301
/theraformen/dbt.htm /theraformen/dbt/ 301
/theraformen/theraformen.htm /theraformen/theraformen/ 301
/trauer/trauer.htm /trauer/trauer/ 301
/trauma/trauma.htm /trauma/trauma/ 301
/trennung/film_trennung.htm /trennung/film_trennung/ 301
/trennung/ich_nach_trennung.htm /trennung/ich_nach_trennung/ 301
/trennung/ratschlaege_trennung.htm /trennung/ratschlaege_trennung/ 301
/trennung/stalking.htm /trennung/stalking/ 301
/trennung/symptome.htm /trennung/symptome/ 301
/trennung/trennung.htm /trennung/trennung/ 301
/trennung/trennung_treffen.htm /trennung/trennung_treffen/ 301
/trennung/was_ihnen_passieren_kann.htm /trennung/was_ihnen_passieren_kann/ 301
/trennung/weinen_schmerz.htm /trennung/weinen_schmerz/ 301
/vergang_gegenw_zukunf/die_vergangenheit_bestimmt_die_g.htm /vergang_gegenw_zukunf/die_vergangenheit_bestimmt_die_g/ 301
/vorwort/vorwort.htm /vorwort/vorwort/ 301
/warum_er_sie/warum_partner.htm /warum_er_sie/warum_partner/ 301
/widmung/Tal_der_Traenen.html /widmung/Tal_der_Traenen/ 301
/widmung/Tal_der_Traenen_2.html /widmung/Tal_der_Traenen_2/ 301
/widmung/gedichte/gedichte.html /widmung/gedichte/gedichte/ 301
/widmung/gedichte/gedichte1.html /widmung/gedichte/gedichte1/ 301
/widmung/widmung_1.html /widmung/widmung_1/ 301
